"q_m3_h","k_D","L_m","csv_name"
"50.0","0.02","500.0","Q-50.0-L-500.0-k0.02.csv"
"50.0","0.02","650.0","Q-50.0-L-650.0-k0.02.csv"
"50.0","0.02","800.0","Q-50.0-L-800.0-k0.02.csv"
"50.0","0.02","900.0","Q-50.0-L-900.0-k0.02.csv"
"50.0","0.02","1000.0","Q-50.0-L-1000.0-k0.02.csv"
"50.0","0.05","500.0","Q-50.0-L-500.0-k0.05.csv"
"50.0","0.05","650.0","Q-50.0-L-650.0-k0.05.csv"
"50.0","0.05","800.0","Q-50.0-L-800.0-k0.05.csv"
"50.0","0.05","900.0","Q-50.0-L-900.0-k0.05.csv"
"50.0","0.05","1000.0","Q-50.0-L-1000.0-k0.05.csv"
"50.0","0.1","500.0","Q-50.0-L-500.0-k0.1.csv"
"50.0","0.1","650.0","Q-50.0-L-650.0-k0.1.csv"
"50.0","0.1","800.0","Q-50.0-L-800.0-k0.1.csv"
"50.0","0.1","900.0","Q-50.0-L-900.0-k0.1.csv"
"50.0","0.1","1000.0","Q-50.0-L-1000.0-k0.1.csv"
"50.0","0.2","500.0","Q-50.0-L-500.0-k0.2.csv"
"50.0","0.2","650.0","Q-50.0-L-650.0-k0.2.csv"
"50.0","0.2","800.0","Q-50.0-L-800.0-k0.2.csv"
"50.0","0.2","900.0","Q-50.0-L-900.0-k0.2.csv"
"50.0","0.2","1000.0","Q-50.0-L-1000.0-k0.2.csv"
"50.0","0.5","500.0","Q-50.0-L-500.0-k0.5.csv"
"50.0","0.5","650.0","Q-50.0-L-650.0-k0.5.csv"
"50.0","0.5","800.0","Q-50.0-L-800.0-k0.5.csv"
"50.0","0.5","900.0","Q-50.0-L-900.0-k0.5.csv"
"50.0","0.5","1000.0","Q-50.0-L-1000.0-k0.5.csv"
"50.0","1.0","500.0","Q-50.0-L-500.0-k1.0.csv"
"50.0","1.0","650.0","Q-50.0-L-650.0-k1.0.csv"
"50.0","1.0","800.0","Q-50.0-L-800.0-k1.0.csv"
"50.0","1.0","900.0","Q-50.0-L-900.0-k1.0.csv"
"50.0","1.0","1000.0","Q-50.0-L-1000.0-k1.0.csv"
"100.0","0.02","500.0","Q-100.0-L-500.0-k0.02.csv"
"100.0","0.02","650.0","Q-100.0-L-650.0-k0.02.csv"
"100.0","0.02","800.0","Q-100.0-L-800.0-k0.02.csv"
"100.0","0.02","900.0","Q-100.0-L-900.0-k0.02.csv"
"100.0","0.02","1000.0","Q-100.0-L-1000.0-k0.02.csv"
"100.0","0.05","500.0","Q-100.0-L-500.0-k0.05.csv"
"100.0","0.05","650.0","Q-100.0-L-650.0-k0.05.csv"
"100.0","0.05","800.0","Q-100.0-L-800.0-k0.05.csv"
"100.0","0.05","900.0","Q-100.0-L-900.0-k0.05.csv"
"100.0","0.05","1000.0","Q-100.0-L-1000.0-k0.05.csv"
"100.0","0.1","500.0","Q-100.0-L-500.0-k0.1.csv"
"100.0","0.1","650.0","Q-100.0-L-650.0-k0.1.csv"
"100.0","0.1","800.0","Q-100.0-L-800.0-k0.1.csv"
"100.0","0.1","900.0","Q-100.0-L-900.0-k0.1.csv"
"100.0","0.1","1000.0","Q-100.0-L-1000.0-k0.1.csv"
"100.0","0.2","500.0","Q-100.0-L-500.0-k0.2.csv"
"100.0","0.2","650.0","Q-100.0-L-650.0-k0.2.csv"
"100.0","0.2","800.0","Q-100.0-L-800.0-k0.2.csv"
"100.0","0.2","900.0","Q-100.0-L-900.0-k0.2.csv"
"100.0","0.2","1000.0","Q-100.0-L-1000.0-k0.2.csv"
"100.0","0.5","500.0","Q-100.0-L-500.0-k0.5.csv"
"100.0","0.5","650.0","Q-100.0-L-650.0-k0.5.csv"
"100.0","0.5","800.0","Q-100.0-L-800.0-k0.5.csv"
"100.0","0.5","900.0","Q-100.0-L-900.0-k0.5.csv"
"100.0","0.5","1000.0","Q-100.0-L-1000.0-k0.5.csv"
"100.0","1.0","500.0","Q-100.0-L-500.0-k1.0.csv"
"100.0","1.0","650.0","Q-100.0-L-650.0-k1.0.csv"
"100.0","1.0","800.0","Q-100.0-L-800.0-k1.0.csv"
"100.0","1.0","900.0","Q-100.0-L-900.0-k1.0.csv"
"100.0","1.0","1000.0","Q-100.0-L-1000.0-k1.0.csv"
"150.0","0.02","500.0","Q-150.0-L-500.0-k0.02.csv"
"150.0","0.02","650.0","Q-150.0-L-650.0-k0.02.csv"
"150.0","0.02","800.0","Q-150.0-L-800.0-k0.02.csv"
"150.0","0.02","900.0","Q-150.0-L-900.0-k0.02.csv"
"150.0","0.02","1000.0","Q-150.0-L-1000.0-k0.02.csv"
"150.0","0.05","500.0","Q-150.0-L-500.0-k0.05.csv"
"150.0","0.05","650.0","Q-150.0-L-650.0-k0.05.csv"
"150.0","0.05","800.0","Q-150.0-L-800.0-k0.05.csv"
"150.0","0.05","900.0","Q-150.0-L-900.0-k0.05.csv"
"150.0","0.05","1000.0","Q-150.0-L-1000.0-k0.05.csv"
"150.0","0.1","500.0","Q-150.0-L-500.0-k0.1.csv"
"150.0","0.1","650.0","Q-150.0-L-650.0-k0.1.csv"
"150.0","0.1","800.0","Q-150.0-L-800.0-k0.1.csv"
"150.0","0.1","900.0","Q-150.0-L-900.0-k0.1.csv"
"150.0","0.1","1000.0","Q-150.0-L-1000.0-k0.1.csv"
"150.0","0.2","500.0","Q-150.0-L-500.0-k0.2.csv"
"150.0","0.2","650.0","Q-150.0-L-650.0-k0.2.csv"
"150.0","0.2","800.0","Q-150.0-L-800.0-k0.2.csv"
"150.0","0.2","900.0","Q-150.0-L-900.0-k0.2.csv"
"150.0","0.2","1000.0","Q-150.0-L-1000.0-k0.2.csv"
"150.0","0.5","500.0","Q-150.0-L-500.0-k0.5.csv"
"150.0","0.5","650.0","Q-150.0-L-650.0-k0.5.csv"
"150.0","0.5","800.0","Q-150.0-L-800.0-k0.5.csv"
"150.0","0.5","900.0","Q-150.0-L-900.0-k0.5.csv"
"150.0","0.5","1000.0","Q-150.0-L-1000.0-k0.5.csv"
"150.0","1.0","500.0","Q-150.0-L-500.0-k1.0.csv"
"150.0","1.0","650.0","Q-150.0-L-650.0-k1.0.csv"
"150.0","1.0","800.0","Q-150.0-L-800.0-k1.0.csv"
"150.0","1.0","900.0","Q-150.0-L-900.0-k1.0.csv"
"150.0","1.0","1000.0","Q-150.0-L-1000.0-k1.0.csv"
"200.0","0.02","500.0","Q-200.0-L-500.0-k0.02.csv"
"200.0","0.02","650.0","Q-200.0-L-650.0-k0.02.csv"
"200.0","0.02","800.0","Q-200.0-L-800.0-k0.02.csv"
"200.0","0.02","900.0","Q-200.0-L-900.0-k0.02.csv"
"200.0","0.02","1000.0","Q-200.0-L-1000.0-k0.02.csv"
"200.0","0.05","500.0","Q-200.0-L-500.0-k0.05.csv"
"200.0","0.05","650.0","Q-200.0-L-650.0-k0.05.csv"
"200.0","0.05","800.0","Q-200.0-L-800.0-k0.05.csv"
"200.0","0.05","900.0","Q-200.0-L-900.0-k0.05.csv"
"200.0","0.05","1000.0","Q-200.0-L-1000.0-k0.05.csv"
"200.0","0.1","500.0","Q-200.0-L-500.0-k0.1.csv"
"200.0","0.1","650.0","Q-200.0-L-650.0-k0.1.csv"
"200.0","0.1","800.0","Q-200.0-L-800.0-k0.1.csv"
"200.0","0.1","900.0","Q-200.0-L-900.0-k0.1.csv"
"200.0","0.1","1000.0","Q-200.0-L-1000.0-k0.1.csv"
"200.0","0.2","500.0","Q-200.0-L-500.0-k0.2.csv"
"200.0","0.2","650.0","Q-200.0-L-650.0-k0.2.csv"
"200.0","0.2","800.0","Q-200.0-L-800.0-k0.2.csv"
"200.0","0.2","900.0","Q-200.0-L-900.0-k0.2.csv"
"200.0","0.2","1000.0","Q-200.0-L-1000.0-k0.2.csv"
"200.0","0.5","500.0","Q-200.0-L-500.0-k0.5.csv"
"200.0","0.5","650.0","Q-200.0-L-650.0-k0.5.csv"
"200.0","0.5","800.0","Q-200.0-L-800.0-k0.5.csv"
"200.0","0.5","900.0","Q-200.0-L-900.0-k0.5.csv"
"200.0","0.5","1000.0","Q-200.0-L-1000.0-k0.5.csv"
"200.0","1.0","500.0","Q-200.0-L-500.0-k1.0.csv"
"200.0","1.0","650.0","Q-200.0-L-650.0-k1.0.csv"
"200.0","1.0","800.0","Q-200.0-L-800.0-k1.0.csv"
"200.0","1.0","900.0","Q-200.0-L-900.0-k1.0.csv"
"200.0","1.0","1000.0","Q-200.0-L-1000.0-k1.0.csv"
"250.0","0.02","500.0","Q-250.0-L-500.0-k0.02.csv"
"250.0","0.02","650.0","Q-250.0-L-650.0-k0.02.csv"
"250.0","0.02","800.0","Q-250.0-L-800.0-k0.02.csv"
"250.0","0.02","900.0","Q-250.0-L-900.0-k0.02.csv"
"250.0","0.02","1000.0","Q-250.0-L-1000.0-k0.02.csv"
"250.0","0.05","500.0","Q-250.0-L-500.0-k0.05.csv"
"250.0","0.05","650.0","Q-250.0-L-650.0-k0.05.csv"
"250.0","0.05","800.0","Q-250.0-L-800.0-k0.05.csv"
"250.0","0.05","900.0","Q-250.0-L-900.0-k0.05.csv"
"250.0","0.05","1000.0","Q-250.0-L-1000.0-k0.05.csv"
"250.0","0.1","500.0","Q-250.0-L-500.0-k0.1.csv"
"250.0","0.1","650.0","Q-250.0-L-650.0-k0.1.csv"
"250.0","0.1","800.0","Q-250.0-L-800.0-k0.1.csv"
"250.0","0.1","900.0","Q-250.0-L-900.0-k0.1.csv"
"250.0","0.1","1000.0","Q-250.0-L-1000.0-k0.1.csv"
"250.0","0.2","500.0","Q-250.0-L-500.0-k0.2.csv"
"250.0","0.2","650.0","Q-250.0-L-650.0-k0.2.csv"
"250.0","0.2","800.0","Q-250.0-L-800.0-k0.2.csv"
"250.0","0.2","900.0","Q-250.0-L-900.0-k0.2.csv"
"250.0","0.2","1000.0","Q-250.0-L-1000.0-k0.2.csv"
"250.0","0.5","500.0","Q-250.0-L-500.0-k0.5.csv"
"250.0","0.5","650.0","Q-250.0-L-650.0-k0.5.csv"
"250.0","0.5","800.0","Q-250.0-L-800.0-k0.5.csv"
"250.0","0.5","900.0","Q-250.0-L-900.0-k0.5.csv"
"250.0","0.5","1000.0","Q-250.0-L-1000.0-k0.5.csv"
"250.0","1.0","500.0","Q-250.0-L-500.0-k1.0.csv"
"250.0","1.0","650.0","Q-250.0-L-650.0-k1.0.csv"
"250.0","1.0","800.0","Q-250.0-L-800.0-k1.0.csv"
"250.0","1.0","900.0","Q-250.0-L-900.0-k1.0.csv"
"250.0","1.0","1000.0","Q-250.0-L-1000.0-k1.0.csv"
